etiquette;page;fichier;largeur;hauteur;x;y
IMG-0001;1;10000000000000250000002843082F1D.jpg;0.647cm;0.668cm;3.488cm;1.27cm
IMG-0002;1;100000000000028D000001D6C78BCEE7.jpg;15.239cm;10.968cm;3.175cm;11.642cm
IMG-0003;2;10000000000000250000002843082F1D.jpg;0.647cm;0.668cm;3.488cm;1.27cm
IMG-0004;3;10000000000000250000002843082F1D.jpg;0.647cm;0.668cm;3.488cm;1.27cm
IMG-0005;4;10000000000000250000002843082F1D.jpg;0.647cm;0.668cm;3.488cm;1.27cm
IMG-0006;5;10000000000000250000002843082F1D.jpg;0.647cm;0.668cm;3.488cm;1.27cm
IMG-0007;6;10000000000000250000002843082F1D.jpg;0.647cm;0.668cm;3.488cm;1.27cm
IMG-0008;7;10000000000000250000002843082F1D.jpg;0.647cm;0.668cm;3.488cm;1.27cm
IMG-0009;8;10000000000000250000002843082F1D.jpg;0.647cm;0.668cm;3.488cm;1.27cm
IMG-0010;9;10000000000000250000002843082F1D.jpg;0.647cm;0.668cm;3.488cm;1.27cm
IMG-0011;10;10000000000000250000002843082F1D.jpg;0.647cm;0.668cm;3.488cm;1.27cm
IMG-0012;11;10000000000000250000002843082F1D.jpg;0.647cm;0.668cm;3.488cm;1.27cm
IMG-0013;11;100000000000022A00000157FC53AC9A.jpg;11.725cm;7.259cm;4.932cm;7.438cm
IMG-0014;11;10000000000002380000016E83FF4533.jpg;11.653cm;7.509cm;4.953cm;16.836cm
IMG-0015;12;10000000000000250000002843082F1D.jpg;0.647cm;0.668cm;3.488cm;1.27cm
IMG-0016;12;100000000000052C00000858CA3E37B6.jpg;11.37cm;18.346cm;5.101cm;4.288cm
IMG-0017;13;10000000000000250000002843082F1D.jpg;0.647cm;0.668cm;3.488cm;1.27cm
IMG-0018;13;100000000000035A00000212F8375EA9.jpg;9.909cm;6.116cm;5.821cm;2.646cm
IMG-0019;14;10000000000000250000002843082F1D.jpg;0.647cm;0.668cm;3.488cm;1.27cm
IMG-0020;14;10000000000000C60000008D81D60370.jpg;2.285cm;1.629cm;9.652cm;6.883cm
IMG-0021;14;1000000000000106000000B52B794017.jpg;3.686cm;2.547cm;8.932cm;10.228cm
IMG-0022;14;100000000000024E000001835D20EE29.jpg;8.284cm;5.43cm;6.646cm;14.503cm
IMG-0023;15;10000000000000250000002843082F1D.jpg;0.647cm;0.668cm;3.488cm;1.27cm
IMG-0024;15;10000000000001CA00000128735EA705.jpg;5.291cm;3.415cm;8.149cm;2.731cm
IMG-0025;15;10000000000001FE000001D388009155.jpg;5.9cm;5.38cm;7.832cm;9.038cm
IMG-0026;15;10000000000000AC0000009667636E47.jpg;4.55cm;3.97cm;8.509cm;16.108cm
IMG-0027;16;10000000000000250000002843082F1D.jpg;0.647cm;0.668cm;3.488cm;1.27cm
IMG-0028;16;100000000000019300000157BA3B2D2F.jpg;6.006cm;5.109cm;7.789cm;2.836cm
IMG-0029;16;100000000000023700000148E8D751FB.jpg;6.768cm;3.915cm;7.408cm;9.779cm
IMG-0030;16;10000000000000E3000000B27EB41860.jpg;3.792cm;2.975cm;8.89cm;15.325cm
IMG-0031;16;10000000000001100000010B3078AE39.jpg;4.182cm;4.105cm;8.7cm;20.489cm
IMG-0032;17;10000000000000250000002843082F1D.jpg;0.647cm;0.668cm;3.488cm;1.27cm
IMG-0033;17;1000000000000113000000E2F5E35835.jpg;4.677cm;3.847cm;3.852cm;4.741cm
IMG-0034;17;10000000000002BD000000FE6E430068.jpg;8.093cm;2.928cm;9.61cm;5.63cm
IMG-0035;18;10000000000000250000002843082F1D.jpg;0.647cm;0.668cm;3.488cm;1.27cm
IMG-0036;19;10000000000000250000002843082F1D.jpg;0.647cm;0.668cm;3.488cm;1.27cm
IMG-0037;19;10000000000003E9000001E1F426CFEC.jpg;12.089cm;5.811cm;4.741cm;2.794cm
IMG-0038;19;1000000000000309000001831FDAA958.jpg;10.18cm;5.071cm;5.694cm;10.406cm
IMG-0039;19;1000000000000323000001FAFBE46CEA.jpg;8.876cm;5.595cm;6.35cm;17.81cm
IMG-0040;20;10000000000000250000002843082F1D.jpg;0.647cm;0.668cm;3.488cm;1.27cm
IMG-0041;20;10000000000001DA000001741BE1EC3C.jpg;5.473cm;4.292cm;8.043cm;2.692cm
IMG-0042;20;100000000000009A000000339F415520.jpg;3.026cm;0.998cm;9.271cm;7.836cm
IMG-0043;20;1000000000000324000001C30495D796.jpg;13.258cm;7.437cm;4.149cm;12.327cm
IMG-0044;21;10000000000000250000002843082F1D.jpg;0.647cm;0.668cm;3.488cm;1.27cm
IMG-0045;21;1000000000000322000001F72FE439F4.jpg;13.41cm;8.411cm;4.085cm;2.773cm
IMG-0046;21;1000000000000322000001F6233125A4.jpg;13.749cm;8.605cm;3.916cm;14.732cm
IMG-0047;22;10000000000000250000002843082F1D.jpg;0.647cm;0.668cm;3.488cm;1.27cm
IMG-0048;22;1000000000000323000001F2B3604524.jpg;13.85cm;8.588cm;3.852cm;3.958cm
IMG-0049;23;10000000000000250000002843082F1D.jpg;0.647cm;0.668cm;3.488cm;1.27cm
IMG-0050;23;1000000000000187000001AAD449BEAD.jpg;5.553cm;6.053cm;8.001cm;2.688cm
IMG-0051;23;10000000000001D6000000E46B4E6833.jpg;8.064cm;3.915cm;7.125cm;11.049cm
IMG-0052;23;1000000000000143000001028B74E6DA.jpg;4.939cm;3.949cm;8.691cm;16.743cm
IMG-0053;24;10000000000000250000002843082F1D.jpg;0.647cm;0.668cm;3.488cm;1.27cm
IMG-0054;24;10000000000001DE0000014C9651AA95.jpg;7.86cm;5.46cm;6.858cm;8.416cm
IMG-0055;25;10000000000000250000002843082F1D.jpg;0.647cm;0.668cm;3.488cm;1.27cm
IMG-0056;25;10000000000003E9000001E1F426CFEC.jpg;12.936cm;6.218cm;4.318cm;7.082cm
IMG-0057;25;100000000000032C00000134FE3C43B8.jpg;12.856cm;4.876cm;4.36cm;15.346cm
IMG-0058;26;10000000000000250000002843082F1D.jpg;0.647cm;0.668cm;3.488cm;1.27cm
IMG-0059;26;100000000000031F000001DAE8432E4C.jpg;11.196cm;6.645cm;5.186cm;12.306cm
IMG-0060;27;10000000000000250000002843082F1D.jpg;0.647cm;0.668cm;3.488cm;1.27cm
IMG-0061;27;1000000000000324000001C30495D796.jpg;13.258cm;7.437cm;4.149cm;2.625cm
IMG-0062;27;100000000000031F00000157B4095D7E.jpg;15.239cm;6.544cm;3.171cm;12.912cm
IMG-0063;28;10000000000000250000002843082F1D.jpg;0.647cm;0.668cm;3.488cm;1.27cm
IMG-0064;28;100000000000031F0000015EC738285F.jpg;15.239cm;6.675cm;3.171cm;2.688cm
IMG-0065;28;100000000000031F000001D8F857DE47.jpg;15.239cm;9.003cm;3.171cm;12.954cm
IMG-0066;29;10000000000000250000002843082F1D.jpg;0.647cm;0.668cm;3.488cm;1.27cm
IMG-0067;29;100000000000032A00000211AFA841CD.jpg;11.882cm;7.759cm;4.847cm;14.486cm
IMG-0068;30;10000000000000250000002843082F1D.jpg;0.647cm;0.668cm;3.488cm;1.27cm
IMG-0069;30;10000000000002E90000020A7C87639A.jpg;13.944cm;9.761cm;3.81cm;2.731cm
IMG-0070;30;10000000000000F2000000261A3D5D81.jpg;6.404cm;1.007cm;4.593cm;16.764cm
IMG-0071;30;10000000000000C90000005F6F5085EB.jpg;5.308cm;2.514cm;11.663cm;15.24cm
IMG-0072;31;10000000000000250000002843082F1D.jpg;0.647cm;0.668cm;3.488cm;1.27cm
IMG-0073;31;10000000000002D0000000D4E5EF492F.jpg;15.239cm;4.486cm;3.171cm;2.836cm
IMG-0074;31;10000000000003ED0000016A3190D304.jpg;11.607cm;4.182cm;4.974cm;10.922cm
IMG-0075;31;100000000000026900000079D07F11F0.jpg;15.247cm;2.988cm;3.171cm;17.865cm
IMG-0076;32;10000000000000250000002843082F1D.jpg;0.647cm;0.668cm;3.488cm;1.27cm
IMG-0077;32;100000000000038C000000D8960A4A00.jpg;15.231cm;3.627cm;3.175cm;2.625cm
IMG-0078;32;10000000000002D00000018D697900D1.jpg;15.239cm;8.402cm;3.171cm;8.983cm
IMG-0079;33;10000000000000250000002843082F1D.jpg;0.647cm;0.668cm;3.488cm;1.27cm
IMG-0080;33;10000000000002D00000023629ECE371.jpg;15.239cm;11.979cm;3.171cm;2.582cm
IMG-0081;34;10000000000000250000002843082F1D.jpg;0.647cm;0.668cm;3.488cm;1.27cm
IMG-0082;34;100000000000039100000283E8B461E5.jpg;15.209cm;10.722cm;3.171cm;2.561cm
IMG-0083;34;100000000000011300000041B369BC78.jpg;5.126cm;1.21cm;8.585cm;18.525cm
IMG-0084;34;1000000000000333000000F418EB77FF.jpg;10.358cm;3.085cm;5.609cm;21.721cm
IMG-0085;35;10000000000000250000002843082F1D.jpg;0.647cm;0.668cm;3.488cm;1.27cm
IMG-0086;35;1000000000000355000001B931BA3F58.jpg;9.825cm;5.079cm;5.863cm;5.804cm
IMG-0087;35;1000000000000108000000C2268569F4.jpg;3.043cm;2.243cm;7.345cm;23.008cm
IMG-0088;35;1000000000000114000000C911A8C525.jpg;3.187cm;2.319cm;11.028cm;22.966cm
IMG-0089;36;10000000000000250000002843082F1D.jpg;0.647cm;0.668cm;3.488cm;1.27cm
IMG-0090;36;100000000000024E000001804541F2D0.jpg;6.815cm;4.431cm;7.387cm;2.54cm
IMG-0091;36;100000000000032A00000211AFA841CD.jpg;11.882cm;7.759cm;4.847cm;12.933cm
IMG-0092;37;10000000000000250000002843082F1D.jpg;0.647cm;0.668cm;3.488cm;1.27cm
IMG-0093;37;10000000000002E90000020A7C87639A.jpg;13.944cm;9.761cm;3.81cm;2.731cm
IMG-0094;37;10000000000000F2000000261A3D5D81.jpg;6.404cm;1.007cm;4.593cm;16.764cm
IMG-0095;37;10000000000000C90000005F6F5085EB.jpg;5.308cm;2.514cm;11.663cm;15.24cm
IMG-0096;38;10000000000000250000002843082F1D.jpg;0.647cm;0.668cm;3.488cm;1.27cm
IMG-0097;38;10000000000002D0000000D4E5EF492F.jpg;15.239cm;4.486cm;3.171cm;2.836cm
IMG-0098;38;10000000000003ED0000016A3190D304.jpg;11.607cm;4.182cm;4.974cm;10.922cm
IMG-0099;38;100000000000026900000079D07F11F0.jpg;15.247cm;2.988cm;3.171cm;17.865cm
IMG-0100;39;10000000000000250000002843082F1D.jpg;0.647cm;0.668cm;3.488cm;1.27cm
IMG-0101;39;100000000000038D000000F30FCD8CB9.jpg;15.247cm;4.076cm;3.171cm;2.709cm
IMG-0102;39;10000000000002D00000018D697900D1.jpg;15.239cm;8.402cm;3.171cm;9.618cm
IMG-0103;40;10000000000000250000002843082F1D.jpg;0.647cm;0.668cm;3.488cm;1.27cm
IMG-0104;40;10000000000002D0000002129398B978.jpg;15.239cm;11.217cm;3.171cm;2.646cm
IMG-0105;40;100000000000038E00000233930EF2DE.jpg;15.214cm;9.418cm;3.171cm;15.917cm
IMG-0106;41;10000000000000250000002843082F1D.jpg;0.647cm;0.668cm;3.488cm;1.27cm
IMG-0107;42;10000000000000250000002843082F1D.jpg;0.647cm;0.668cm;3.488cm;1.27cm
IMG-0108;42;10000000000003DE00000134C7227F1E.jpg;15.235cm;4.74cm;3.175cm;7.438cm
IMG-0109;42;1000000000000229000000B70198338D.jpg;9.317cm;3.081cm;6.117cm;14.296cm
IMG-0110;43;10000000000000250000002843082F1D.jpg;0.647cm;0.668cm;3.488cm;1.27cm
IMG-0111;43;10000000000002D100000105995EC157.jpg;15.243cm;5.519cm;3.171cm;2.625cm
IMG-0112;44;10000000000000250000002843082F1D.jpg;0.647cm;0.668cm;3.488cm;1.27cm
IMG-0113;44;10000000000002880000023625DFB64D.jpg;8.796cm;7.683cm;6.392cm;2.815cm
IMG-0114;44;10000000000001A6000001741EA1C511.jpg;8.931cm;7.873cm;6.329cm;12.256cm
IMG-0115;45;10000000000000250000002843082F1D.jpg;0.647cm;0.668cm;3.488cm;1.27cm
IMG-0116;45;10000000000001F2000001B923C9F7C0.jpg;10.54cm;9.334cm;5.525cm;2.625cm
IMG-0117;45;10000000000001D6000001A118A2038B.jpg;9.947cm;8.826cm;5.821cm;14.626cm
IMG-0118;46;10000000000000250000002843082F1D.jpg;0.647cm;0.668cm;3.488cm;1.27cm
IMG-0119;46;10000000000003840000025464EB852B.jpg;9.947cm;6.59cm;5.8cm;2.731cm
IMG-0120;46;100000000000036C00000217113F5E9C.jpg;10.117cm;6.18cm;5.736cm;16.15cm
IMG-0121;47;10000000000000250000002843082F1D.jpg;0.647cm;0.668cm;3.488cm;1.27cm
IMG-0122;47;10000000000003CB0000027BF3A1BB5A.jpg;9.346cm;6.112cm;6.117cm;2.646cm
IMG-0123;47;10000000000003EA00000222625E66A7.jpg;8.542cm;4.656cm;6.519cm;10.372cm
IMG-0124;47;100000000000026700000059AC2DB1CB.jpg;15.247cm;2.205cm;3.171cm;17.293cm
IMG-0125;48;10000000000000250000002843082F1D.jpg;0.647cm;0.668cm;3.488cm;1.27cm
IMG-0126;48;10000000000002D00000016D89C43D81.jpg;15.239cm;7.725cm;3.171cm;2.794cm
IMG-0127;48;10000000000002D00000016DCEB310F2.jpg;15.239cm;7.725cm;3.171cm;12.954cm
IMG-0128;49;10000000000000250000002843082F1D.jpg;0.647cm;0.668cm;3.488cm;1.27cm
IMG-0129;49;10000000000001EF0000016370C40181.jpg;8.559cm;6.137cm;6.498cm;9.631cm
IMG-0130;50;10000000000000250000002843082F1D.jpg;0.647cm;0.668cm;3.488cm;1.27cm
IMG-0131;50;10000000000002240000009CCDC0E039.jpg;9.736cm;2.772cm;5.927cm;4.001cm
IMG-0132;50;10000000000002640000016876A0E02B.jpg;7.704cm;4.529cm;6.943cm;18.491cm
IMG-0133;51;10000000000000250000002843082F1D.jpg;0.647cm;0.668cm;3.488cm;1.27cm
IMG-0134;52;10000000000000250000002843082F1D.jpg;0.647cm;0.668cm;3.488cm;1.27cm
IMG-0135;53;10000000000000250000002843082F1D.jpg;0.647cm;0.668cm;3.488cm;1.27cm
IMG-0136;54;10000000000000250000002843082F1D.jpg;0.647cm;0.668cm;3.488cm;1.27cm
IMG-0137;55;10000000000000250000002843082F1D.jpg;0.647cm;0.668cm;3.488cm;1.27cm
IMG-0138;55;10000000000002C90000019059E0525A.jpg;8.868cm;4.973cm;6.35cm;3.835cm
IMG-0139;56;10000000000000250000002843082F1D.jpg;0.647cm;0.668cm;3.488cm;1.27cm
IMG-0140;56;1000000000000528000002E7F02E55AC.jpg;15.239cm;8.572cm;3.175cm;2.701cm
IMG-0141;57;10000000000000250000002843082F1D.jpg;0.647cm;0.668cm;3.488cm;1.27cm
IMG-0142;57;10000000000002650000007FFFB1FFE1.jpg;11.594cm;2.404cm;4.974cm;2.595cm
IMG-0143;58;10000000000000250000002843082F1D.jpg;0.647cm;0.668cm;3.488cm;1.27cm
IMG-0144;58;10000000000003070000011C878772F2.jpg;15.235cm;5.574cm;3.171cm;7.197cm
IMG-0145;59;10000000000000250000002843082F1D.jpg;0.647cm;0.668cm;3.488cm;1.27cm
IMG-0146;59;10000000000003080000011DF8E4E3FD.jpg;15.235cm;5.595cm;3.171cm;6.439cm
IMG-0147;60;10000000000000250000002843082F1D.jpg;0.647cm;0.668cm;3.488cm;1.27cm
IMG-0148;61;10000000000000250000002843082F1D.jpg;0.647cm;0.668cm;3.488cm;1.27cm
IMG-0149;62;10000000000000250000002843082F1D.jpg;0.647cm;0.668cm;3.488cm;1.27cm
IMG-0150;62;10000000000003060000011C1471172B.jpg;15.218cm;5.574cm;3.171cm;9.013cm
IMG-0151;62;10000000000003050000011CF0EDC633.jpg;15.235cm;5.6cm;3.171cm;15.998cm
IMG-0152;63;10000000000000250000002843082F1D.jpg;0.647cm;0.668cm;3.488cm;1.27cm
IMG-0153;63;10000000000003040000020F939FC98F.jpg;11.56cm;7.89cm;5cm;2.701cm
IMG-0154;63;10000000000003050000020FADA37920.jpg;11.759cm;8.013cm;4.894cm;12.806cm
IMG-0155;64;10000000000000250000002843082F1D.jpg;0.647cm;0.668cm;3.488cm;1.27cm
IMG-0156;64;10000000000002390000015DE04FDDE1.jpg;8.356cm;5.126cm;6.617cm;2.832cm
IMG-0157;64;10000000000002300000014F6541656B.jpg;8.483cm;5.075cm;6.536cm;10.16cm
IMG-0158;64;100000000000023100000150BCBBA8F2.jpg;8.669cm;5.193cm;6.456cm;16.747cm
IMG-0159;65;10000000000000250000002843082F1D.jpg;0.647cm;0.668cm;3.488cm;1.27cm
IMG-0160;65;100000000000030400000213F322188E.jpg;10.392cm;7.145cm;5.584cm;2.752cm
IMG-0161;65;100000000000028F000000BF0373868A.jpg;10.578cm;3.081cm;5.503cm;11.455cm
IMG-0162;65;10000000000002C20000013161647953.jpg;10.574cm;4.571cm;5.503cm;16.112cm
IMG-0163;66;10000000000000250000002843082F1D.jpg;0.647cm;0.668cm;3.488cm;1.27cm
IMG-0164;66;100000000000030200000123EA241EDB.jpg;15.239cm;5.756cm;3.171cm;16.447cm
IMG-0165;67;10000000000000250000002843082F1D.jpg;0.647cm;0.668cm;3.488cm;1.27cm
IMG-0166;67;100000000000030200000123A300A1AE.jpg;15.239cm;5.756cm;3.171cm;2.832cm
IMG-0167;67;100000000000030800000213D9F4E30E.jpg;10.595cm;7.251cm;5.478cm;11.616cm
IMG-0168;68;10000000000000250000002843082F1D.jpg;0.647cm;0.668cm;3.488cm;1.27cm
IMG-0169;68;1000000000000308000002137E93AF3A.jpg;10.565cm;7.23cm;5.503cm;2.726cm
IMG-0170;68;1000000000000238000001532B73AEC3.jpg;8.347cm;4.982cm;6.617cm;11.455cm
IMG-0171;68;10000000000002300000014F6541656B.jpg;8.432cm;5.045cm;6.562cm;18.415cm
IMG-0172;69;10000000000000250000002843082F1D.jpg;0.647cm;0.668cm;3.488cm;1.27cm
IMG-0173;69;100000000000023100000150BCBBA8F2.jpg;8.669cm;5.193cm;6.456cm;2.777cm
IMG-0174;69;100000000000030400000213F322188E.jpg;10.392cm;7.145cm;5.584cm;9.737cm
IMG-0175;69;100000000000028F000000BF0373868A.jpg;9.676cm;2.823cm;5.952cm;18.576cm
IMG-0176;70;10000000000000250000002843082F1D.jpg;0.647cm;0.668cm;3.488cm;1.27cm
IMG-0177;70;10000000000002C20000013161647953.jpg;10.04cm;4.338cm;5.77cm;2.595cm
IMG-0178;71;10000000000000250000002843082F1D.jpg;0.647cm;0.668cm;3.488cm;1.27cm
IMG-0179;72;10000000000000250000002843082F1D.jpg;0.647cm;0.668cm;3.488cm;1.27cm
IMG-0180;73;10000000000000250000002843082F1D.jpg;0.647cm;0.668cm;3.488cm;1.27cm
IMG-0181;73;100000010000042E000001D2ACBFC9C7.png;15.231cm;6.633cm;3.171cm;4.005cm
IMG-0182;74;10000000000000250000002843082F1D.jpg;0.647cm;0.668cm;3.488cm;1.27cm
IMG-0183;75;10000000000000250000002843082F1D.jpg;0.647cm;0.668cm;3.488cm;1.27cm
IMG-0184;75;10000000000003BF00000256A2A023C4.jpg;9.13cm;5.693cm;6.219cm;2.54cm
IMG-0185;75;10000000000003B70000024D38AC903D.jpg;9.24cm;5.722cm;6.164cm;9.817cm
IMG-0186;75;10000000000003AD0000025427EEC94C.jpg;9.473cm;6.002cm;6.054cm;16.679cm
IMG-0187;76;10000000000000250000002843082F1D.jpg;0.647cm;0.668cm;3.488cm;1.27cm
IMG-0188;76;10000000000003AB0000025466497158.jpg;9.452cm;6.002cm;6.054cm;2.709cm
IMG-0189;76;10000000000003A8000002576819B10A.jpg;9.376cm;6.002cm;6.096cm;10.964cm
IMG-0190;76;10000000000001B600000118B15793F7.jpg;9.27cm;5.926cm;6.16cm;18.627cm
IMG-0191;77;10000000000000250000002843082F1D.jpg;0.647cm;0.668cm;3.488cm;1.27cm
IMG-0192;78;10000000000000250000002843082F1D.jpg;0.647cm;0.668cm;3.488cm;1.27cm
IMG-0193;78;100000000000027800000117F72D43B0.jpg;7.297cm;3.221cm;7.146cm;2.832cm
IMG-0194;78;1000000000000529000003296ED1255D.jpg;15.252cm;9.346cm;3.171cm;8.335cm
IMG-0195;78;10000000000001C6000000E89ECE232B.jpg;7.632cm;3.898cm;6.96cm;19.952cm
IMG-0196;79;10000000000000250000002843082F1D.jpg;0.647cm;0.668cm;3.488cm;1.27cm
IMG-0197;80;10000000000000250000002843082F1D.jpg;0.647cm;0.668cm;3.488cm;1.27cm
IMG-0198;80;100000000000018E0000013D86CD1E9A.jpg;6.099cm;4.859cm;7.726cm;8.395cm
IMG-0199;80;1000000000000194000000C1E1C0615E.jpg;6.171cm;2.95cm;7.7cm;14.745cm
IMG-0200;81;10000000000000250000002843082F1D.jpg;0.647cm;0.668cm;3.488cm;1.27cm
IMG-0201;81;1000000000000194000000C1E1C0615E.jpg;7.183cm;3.428cm;7.197cm;13.589cm
IMG-0202;81;1000000000000191000000E4ED13E062.jpg;7.251cm;4.11cm;7.171cm;17.374cm
IMG-0203;82;10000000000000250000002843082F1D.jpg;0.647cm;0.668cm;3.488cm;1.27cm
IMG-0204;82;1000000000000194000000C1E1C0615E.jpg;7.589cm;3.627cm;6.985cm;4.525cm
IMG-0205;82;100000000000017C000000DB58F2DFD7.jpg;7.992cm;4.605cm;6.799cm;8.467cm
IMG-0206;83;10000000000000250000002843082F1D.jpg;0.647cm;0.668cm;3.488cm;1.27cm
IMG-0207;83;100000000000019600000153C0CA7E51.jpg;6.281cm;5.248cm;7.645cm;2.752cm
IMG-0208;84;10000000000000250000002843082F1D.jpg;0.647cm;0.668cm;3.488cm;1.27cm
IMG-0209;84;100000000000018E0000013D86CD1E9A.jpg;7.031cm;5.6cm;7.277cm;2.595cm
IMG-0210;84;1000000000000194000000C1E1C0615E.jpg;7.234cm;3.453cm;7.171cm;9.686cm
IMG-0211;84;100000000000018B000000DFBABC1AAA.jpg;7.471cm;4.215cm;7.04cm;14.076cm
IMG-0212;85;10000000000000250000002843082F1D.jpg;0.647cm;0.668cm;3.488cm;1.27cm
IMG-0213;85;100000000000019600000153C0CA7E51.jpg;6.057cm;5.058cm;7.751cm;3.81cm
IMG-0214;85;100000000000016500000185AADA377E.jpg;6.006cm;6.548cm;7.781cm;15.748cm
IMG-0215;86;10000000000000250000002843082F1D.jpg;0.647cm;0.668cm;3.488cm;1.27cm
IMG-0216;86;10000000000002270000010AE8D394C2.jpg;8.207cm;3.961cm;6.668cm;2.777cm
IMG-0217;86;1000000000000210000000F24B391909.jpg;8.36cm;3.83cm;6.617cm;8.547cm
IMG-0218;86;100000000000039F00000183ABB3D345.jpg;15.231cm;6.357cm;3.171cm;14.897cm
IMG-0219;87;10000000000000250000002843082F1D.jpg;0.647cm;0.668cm;3.488cm;1.27cm
IMG-0220;87;100000000000039E0000017DD01AFAE6.jpg;15.239cm;6.269cm;3.171cm;2.565cm
IMG-0221;87;100000000000039C00000182BDB0B2C7.jpg;15.231cm;6.362cm;3.171cm;10.452cm
IMG-0222;87;100000000000039A00000182CBD9A164.jpg;15.247cm;6.383cm;3.171cm;18.707cm
IMG-0223;88;10000000000000250000002843082F1D.jpg;0.647cm;0.668cm;3.488cm;1.27cm
IMG-0224;88;1000000000000399000002D05FD5C430.jpg;15.231cm;11.907cm;3.171cm;3.89cm
IMG-0225;88;100000000000039E00000177A33526E7.jpg;15.239cm;6.175cm;3.171cm;19.13cm
IMG-0226;89;10000000000000250000002843082F1D.jpg;0.647cm;0.668cm;3.488cm;1.27cm
IMG-0227;89;10000000000003A4000000BC5AC0281F.jpg;15.239cm;3.072cm;3.171cm;4.47cm
IMG-0228;89;1000000000000207000002003B3B52B3.jpg;8.741cm;8.622cm;6.405cm;9.021cm
IMG-0229;90;10000000000000250000002843082F1D.jpg;0.647cm;0.668cm;3.488cm;1.27cm
IMG-0230;90;100000000000025C000001C5E37E5731.jpg;8.77cm;6.578cm;6.405cm;2.726cm
IMG-0231;90;100000000000026F000000F335CB0A93.jpg;15.247cm;5.947cm;3.171cm;11.616cm
IMG-0232;91;10000000000000250000002843082F1D.jpg;0.647cm;0.668cm;3.488cm;1.27cm
IMG-0233;91;100000000000026A000000F15F6CBF39.jpg;15.239cm;5.943cm;3.171cm;2.726cm
IMG-0234;91;100000000000026500000204AB15B9D5.jpg;7.962cm;6.709cm;3.704cm;10.291cm
IMG-0235;91;100000000000015E00000184DA965C3F.jpg;6.019cm;6.679cm;11.853cm;10.291cm
IMG-0236;92;10000000000000250000002843082F1D.jpg;0.647cm;0.668cm;3.488cm;1.27cm
IMG-0237;93;10000000000000250000002843082F1D.jpg;0.647cm;0.668cm;3.488cm;1.27cm
IMG-0238;94;10000000000000250000002843082F1D.jpg;0.647cm;0.668cm;3.488cm;1.27cm
IMG-0239;95;10000000000000250000002843082F1D.jpg;0.647cm;0.668cm;3.488cm;1.27cm
IMG-0240;96;10000000000000250000002843082F1D.jpg;0.647cm;0.668cm;3.488cm;1.27cm
IMG-0241;97;10000000000000250000002843082F1D.jpg;0.647cm;0.668cm;3.488cm;1.27cm
IMG-0242;98;10000000000000250000002843082F1D.jpg;0.647cm;0.668cm;3.488cm;1.27cm
IMG-0243;98;10000000000002DE00000193A16A17E6.jpg;15.243cm;8.368cm;3.171cm;10.609cm
IMG-0244;99;10000000000000250000002843082F1D.jpg;0.647cm;0.668cm;3.488cm;1.27cm
IMG-0245;99;10000000000005280000029E5D86B0BB.jpg;15.226cm;7.729cm;3.171cm;9.957cm
IMG-0246;100;10000000000000250000002843082F1D.jpg;0.647cm;0.668cm;3.488cm;1.27cm
IMG-0247;100;10000000000002D0000000C5A6BC10C4.jpg;15.239cm;4.169cm;3.171cm;2.667cm
IMG-0248;100;10000000000003AC000002AD2F83EF9E.jpg;15.243cm;11.112cm;3.171cm;8.416cm
IMG-0249;101;10000000000000250000002843082F1D.jpg;0.647cm;0.668cm;3.488cm;1.27cm
IMG-0250;102;10000000000000250000002843082F1D.jpg;0.647cm;0.668cm;3.488cm;1.27cm
IMG-0251;102;10000000000001100000010B3078AE39.jpg;3.123cm;3.06cm;9.233cm;2.595cm
IMG-0252;102;100000000000026B000001BC17D5EE22.jpg;5.257cm;3.767cm;8.149cm;8.255cm
IMG-0253;103;10000000000000250000002843082F1D.jpg;0.647cm;0.668cm;3.488cm;1.27cm
IMG-0254;103;10000000000001CA00000128735EA705.jpg;5.291cm;3.415cm;8.149cm;11.968cm
IMG-0255;104;10000000000000250000002843082F1D.jpg;0.647cm;0.668cm;3.488cm;1.27cm
IMG-0256;104;1000000000000165000000EF4784561B.jpg;4.118cm;2.755cm;8.733cm;4.631cm
IMG-0257;104;100000000000014F0000012EB6C364C1.jpg;3.915cm;3.53cm;8.84cm;8.386cm
IMG-0258;104;10000000000004280000028212C8904D.jpg;15.231cm;9.19cm;3.171cm;14.131cm
IMG-0259;105;10000000000000250000002843082F1D.jpg;0.647cm;0.668cm;3.488cm;1.27cm
IMG-0260;105;100000000000026E000000F1939299B8.jpg;8.33cm;3.229cm;6.617cm;9.639cm
IMG-0261;105;10000000000002BC0000013414ACB791.jpg;8.423cm;3.707cm;6.562cm;14.457cm
IMG-0262;105;10000000000001F8000000AEFBB8EA2F.jpg;6.573cm;2.268cm;7.489cm;19.643cm
IMG-0263;106;10000000000000250000002843082F1D.jpg;0.647cm;0.668cm;3.488cm;1.27cm
IMG-0264;106;10000000000001C2000001A67D74180F.jpg;5.198cm;4.867cm;8.175cm;2.646cm
IMG-0265;106;100000000000037B0000016CD1A78519.jpg;11.611cm;4.74cm;4.974cm;9.051cm
IMG-0266;106;10000000000001E7000001491FCCCFFA.jpg;8.246cm;5.57cm;6.668cm;15.295cm
IMG-0267;107;10000000000000250000002843082F1D.jpg;0.647cm;0.668cm;3.488cm;1.27cm
IMG-0268;107;100000000000020D00000199D05EC392.jpg;8.241cm;6.421cm;6.668cm;2.807cm
IMG-0269;107;10000000000001CC000000A8DE09C7A2.jpg;10.9cm;3.987cm;5.347cm;11.642cm
IMG-0270;107;1000000000000319000001D307864FB1.jpg;10.739cm;6.328cm;5.423cm;17.78cm
IMG-0271;108;10000000000000250000002843082F1D.jpg;0.647cm;0.668cm;3.488cm;1.27cm
IMG-0272;108;1000000000000317000001CA4C472091.jpg;10.578cm;6.125cm;5.503cm;2.646cm
IMG-0273;109;10000000000000250000002843082F1D.jpg;0.647cm;0.668cm;3.488cm;1.27cm
IMG-0274;110;10000000000000250000002843082F1D.jpg;0.647cm;0.668cm;3.488cm;1.27cm
IMG-0275;110;100000000000018B0000015EBA0DCBE7.jpg;5.007cm;4.44cm;8.28cm;7.019cm
IMG-0276;111;10000000000000250000002843082F1D.jpg;0.647cm;0.668cm;3.488cm;1.27cm
IMG-0277;111;10000000000002000000021511F0FBE8.jpg;5.909cm;6.154cm;7.832cm;5.16cm
IMG-0278;112;10000000000000250000002843082F1D.jpg;0.647cm;0.668cm;3.488cm;1.27cm
IMG-0279;113;10000000000000250000002843082F1D.jpg;0.647cm;0.668cm;3.488cm;1.27cm
IMG-0280;114;10000000000000250000002843082F1D.jpg;0.647cm;0.668cm;3.488cm;1.27cm
IMG-0281;115;10000000000000250000002843082F1D.jpg;0.647cm;0.668cm;3.488cm;1.27cm
IMG-0282;116;10000000000000250000002843082F1D.jpg;0.647cm;0.668cm;3.488cm;1.27cm
IMG-0283;116;10000000000002D00000015DCE5B0DF1.jpg;15.239cm;7.386cm;3.171cm;2.646cm
IMG-0284;116;100000000000022B000000FD18B72254.jpg;7.81cm;3.559cm;6.879cm;15.714cm
IMG-0285;117;10000000000000250000002843082F1D.jpg;0.647cm;0.668cm;3.488cm;1.27cm
IMG-0286;117;10000000000001A200000121524509A9.jpg;6.065cm;4.194cm;7.751cm;12.327cm
IMG-0287;117;10000000000002420000016B9594219B.jpg;6.7cm;4.207cm;7.434cm;18.677cm
IMG-0288;118;10000000000000250000002843082F1D.jpg;0.647cm;0.668cm;3.488cm;1.27cm
IMG-0289;118;100000000000022A0000011160BADDC3.jpg;6.806cm;3.356cm;7.383cm;10.528cm
IMG-0290;118;1000000000000228000001B7F7C2D0AD.jpg;6.624cm;5.27cm;7.472cm;16.243cm
IMG-0291;119;10000000000000250000002843082F1D.jpg;0.647cm;0.668cm;3.488cm;1.27cm
IMG-0292;119;1000000000000224000001BC18960C62.jpg;6.391cm;5.181cm;7.595cm;2.807cm
IMG-0293;119;100000000000027D0000015D0FC6A077.jpg;7.797cm;4.27cm;6.879cm;10.875cm
IMG-0294;120;10000000000000250000002843082F1D.jpg;0.647cm;0.668cm;3.488cm;1.27cm
IMG-0295;120;1000000000000528000002E72F4F9849.jpg;15.239cm;8.572cm;3.175cm;2.701cm
IMG-0296;120;100000000000022F0000009CEB9BB8F1.jpg;10.667cm;2.975cm;5.453cm;12.78cm
IMG-0297;121;10000000000000250000002843082F1D.jpg;0.647cm;0.668cm;3.488cm;1.27cm
IMG-0298;122;10000000000000250000002843082F1D.jpg;0.647cm;0.668cm;3.488cm;1.27cm
IMG-0299;122;10000000000001CA0000008755497B38.jpg;9.693cm;2.857cm;5.948cm;10.626cm
IMG-0300;122;100000000000051A0000017BF869EA82.jpg;15.239cm;4.423cm;3.171cm;15.558cm
IMG-0301;123;10000000000000250000002843082F1D.jpg;0.647cm;0.668cm;3.488cm;1.27cm
IMG-0302;123;100000000000036C00000203A835D37E.jpg;15.217cm;8.953cm;3.175cm;7.358cm
IMG-0303;124;10000000000000250000002843082F1D.jpg;0.647cm;0.668cm;3.488cm;1.27cm
IMG-0304;124;100000000000036900000201C2136CC1.jpg;15.18cm;8.919cm;3.205cm;6.054cm
IMG-0305;124;100000000000036A000000BC108C980F.jpg;15.239cm;3.276cm;3.171cm;19.634cm
IMG-0306;125;10000000000000250000002843082F1D.jpg;0.647cm;0.668cm;3.488cm;1.27cm
IMG-0307;125;1000000000000367000000A6FA29741A.jpg;15.231cm;2.903cm;3.171cm;7.823cm
IMG-0308;125;100000000000036A000000AAA2993179.jpg;15.239cm;2.962cm;3.171cm;15.452cm
IMG-0309;126;10000000000000250000002843082F1D.jpg;0.647cm;0.668cm;3.488cm;1.27cm
IMG-0310;126;100000000000036A000000BC108C980F.jpg;15.239cm;3.276cm;3.171cm;2.807cm
IMG-0311;127;10000000000000250000002843082F1D.jpg;0.647cm;0.668cm;3.488cm;1.27cm
IMG-0312;127;100000000000051A0000017BF869EA82.jpg;15.239cm;4.423cm;3.175cm;2.54cm
IMG-0313;127;100000000000034A0000015FA989C581.jpg;11.145cm;4.639cm;5.211cm;16.48cm
IMG-0314;128;10000000000000250000002843082F1D.jpg;0.647cm;0.668cm;3.488cm;1.27cm
IMG-0315;128;10000000000002BE00000124D17A9430.jpg;10.87cm;4.52cm;5.347cm;2.807cm
IMG-0316;128;10000000000001AB0000001A6AB875DB.jpg;9.604cm;0.583cm;5.982cm;8.89cm
IMG-0317;128;10000000000001A10000006B6722EE57.jpg;9.524cm;2.454cm;6.033cm;10.202cm
IMG-0318;128;100000000000019F0000006376BC6FEE.jpg;9.418cm;2.238cm;6.088cm;13.483cm
IMG-0319;128;100000000000016100000090A8D595EB.jpg;9.338cm;3.809cm;6.113cm;16.51cm
IMG-0320;129;10000000000000250000002843082F1D.jpg;0.647cm;0.668cm;3.488cm;1.27cm
IMG-0321;129;100000000000051A0000017BF869EA82.jpg;15.239cm;4.423cm;3.171cm;16.582cm
IMG-0322;130;10000000000000250000002843082F1D.jpg;0.647cm;0.668cm;3.488cm;1.27cm
IMG-0323;130;100000000000034A0000015FA989C581.jpg;11.145cm;4.639cm;5.211cm;9.284cm
IMG-0324;130;10000000000002BE00000124D17A9430.jpg;10.87cm;4.52cm;5.347cm;15.054cm
IMG-0325;130;10000000000001A4000000505E6EFB63.jpg;9.82cm;1.87cm;5.876cm;21.137cm
IMG-0326;131;10000000000000250000002843082F1D.jpg;0.647cm;0.668cm;3.488cm;1.27cm
IMG-0327;131;100000000000019C0000006BCE2E0CF6.jpg;9.418cm;2.454cm;6.088cm;2.582cm
IMG-0328;131;100000000000019C000000669C2EC66C.jpg;9.367cm;2.306cm;6.113cm;5.829cm
IMG-0329;131;100000000000016100000090A8D595EB.jpg;9.338cm;3.809cm;6.113cm;8.89cm
IMG-0330;132;10000000000000250000002843082F1D.jpg;0.647cm;0.668cm;3.488cm;1.27cm
IMG-0331;132;100000000000051A0000017BF869EA82.jpg;15.239cm;4.423cm;3.171cm;5.749cm
IMG-0332;132;100000000000034A0000015FA989C581.jpg;11.145cm;4.639cm;5.211cm;18.114cm
IMG-0333;133;10000000000000250000002843082F1D.jpg;0.647cm;0.668cm;3.488cm;1.27cm
IMG-0334;133;10000000000002BE00000124D17A9430.jpg;10.87cm;4.52cm;5.347cm;2.807cm
IMG-0335;133;10000000000001AD00000014A8D96F5C.jpg;9.647cm;0.444cm;5.969cm;8.983cm
IMG-0336;133;10000000000001A20000006B1C20F4C1.jpg;9.558cm;2.446cm;6.016cm;10.207cm
IMG-0337;133;100000000000019E00000065718ACAE8.jpg;9.401cm;2.298cm;6.096cm;13.454cm
IMG-0338;133;100000000000016100000090A8D595EB.jpg;9.338cm;3.809cm;6.113cm;16.51cm
IMG-0339;134;10000000000000250000002843082F1D.jpg;0.647cm;0.668cm;3.488cm;1.27cm
IMG-0340;134;100000000000051A0000017BF869EA82.jpg;15.239cm;4.423cm;3.171cm;10.829cm
IMG-0341;135;10000000000000250000002843082F1D.jpg;0.647cm;0.668cm;3.488cm;1.27cm
IMG-0342;135;100000000000034A0000015FA989C581.jpg;11.145cm;4.639cm;5.211cm;5.326cm
IMG-0343;135;10000000000002BE00000124D17A9430.jpg;10.87cm;4.52cm;5.347cm;11.096cm
IMG-0344;135;10000000000001BB000000A9133CC8AA.jpg;10.405cm;3.97cm;5.584cm;17.391cm
IMG-0345;135;10000000000001B200000053BE67F5CD.jpg;9.558cm;1.824cm;6.016cm;22.301cm
IMG-0346;136;10000000000000250000002843082F1D.jpg;0.647cm;0.668cm;3.488cm;1.27cm
IMG-0347;136;10000000000001BA000000578D56AE49.jpg;9.744cm;1.908cm;5.867cm;2.858cm
IMG-0348;136;1000000000000172000000A34E50EABD.jpg;8.792cm;3.873cm;6.375cm;5.982cm
IMG-0349;137;10000000000000250000002843082F1D.jpg;0.647cm;0.668cm;3.488cm;1.27cm
IMG-0350;137;1000000000000525000003146A0D627E.jpg;15.201cm;9.101cm;3.175cm;5.3cm
IMG-0351;138;10000000000000250000002843082F1D.jpg;0.647cm;0.668cm;3.488cm;1.27cm
IMG-0352;139;10000000000000250000002843082F1D.jpg;0.647cm;0.668cm;3.488cm;1.27cm
IMG-0353;140;10000000000000250000002843082F1D.jpg;0.647cm;0.668cm;3.488cm;1.27cm
IMG-0354;140;1000000000000319000001E844F81CA1.jpg;15.231cm;9.372cm;3.175cm;5.855cm
IMG-0355;140;1000000000000317000000A50B68799C.jpg;15.218cm;3.17cm;3.175cm;17.323cm
IMG-0356;141;10000000000000250000002843082F1D.jpg;0.647cm;0.668cm;3.488cm;1.27cm
IMG-0357;142;10000000000000250000002843082F1D.jpg;0.647cm;0.668cm;3.488cm;1.27cm
IMG-0358;142;100000000000051A0000017BF869EA82.jpg;15.239cm;4.423cm;3.175cm;8.289cm
IMG-0359;143;10000000000000250000002843082F1D.jpg;0.647cm;0.668cm;3.488cm;1.27cm
IMG-0360;143;100000000000034A0000015FA989C581.jpg;11.145cm;4.639cm;5.224cm;2.76cm
IMG-0361;143;10000000000002BE00000124D17A9430.jpg;10.87cm;4.52cm;5.347cm;8.522cm
IMG-0362;143;10000000000001AB0000001A6AB875DB.jpg;9.604cm;0.583cm;5.982cm;14.605cm
IMG-0363;143;10000000000001A100000067D4B3DA7B.jpg;9.532cm;2.361cm;6.028cm;15.964cm
IMG-0364;143;100000000000019F0000006872CF66D0.jpg;9.412cm;2.361cm;6.075cm;19.139cm
IMG-0365;144;10000000000000250000002843082F1D.jpg;0.647cm;0.668cm;3.488cm;1.27cm
IMG-0366;144;100000000000016100000090A8D595EB.jpg;9.338cm;3.809cm;6.113cm;2.54cm
IMG-0367;145;10000000000000250000002843082F1D.jpg;0.647cm;0.668cm;3.488cm;1.27cm
IMG-0368;145;100000000000051A0000017BF869EA82.jpg;15.239cm;4.423cm;3.171cm;11.553cm
IMG-0369;146;10000000000000250000002843082F1D.jpg;0.647cm;0.668cm;3.488cm;1.27cm
IMG-0370;146;100000000000034A0000015FA989C581.jpg;11.145cm;4.639cm;5.211cm;4.056cm
IMG-0371;146;10000000000002BE00000124D17A9430.jpg;10.87cm;4.52cm;5.347cm;9.826cm
IMG-0372;146;10000000000001A4000000505E6EFB63.jpg;9.82cm;1.87cm;5.876cm;15.909cm
IMG-0373;146;10000000000001A20000007345A255EB.jpg;9.541cm;2.628cm;6.024cm;18.724cm
IMG-0374;146;100000000000019F0000006376BC6FEE.jpg;9.418cm;2.243cm;6.088cm;22.407cm
IMG-0375;147;10000000000000250000002843082F1D.jpg;0.647cm;0.668cm;3.488cm;1.27cm
IMG-0376;147;100000000000016100000090A8D595EB.jpg;9.338cm;3.809cm;6.113cm;2.54cm
IMG-0377;147;10000000000000B40000009971BB60AC.jpg;4.762cm;4.046cm;8.416cm;14.224cm
IMG-0378;148;10000000000000250000002843082F1D.jpg;0.647cm;0.668cm;3.488cm;1.27cm
IMG-0379;148;100000000000051A0000017BF869EA82.jpg;15.239cm;4.423cm;3.171cm;8.924cm
IMG-0380;149;10000000000000250000002843082F1D.jpg;0.647cm;0.668cm;3.488cm;1.27cm
IMG-0381;149;100000000000034A0000015FA989C581.jpg;11.145cm;4.639cm;5.211cm;2.752cm
IMG-0382;149;10000000000002BE00000124D17A9430.jpg;10.87cm;4.52cm;5.347cm;8.522cm
IMG-0383;149;10000000000001AD0000001504439930.jpg;9.647cm;0.465cm;5.969cm;14.69cm
IMG-0384;149;10000000000001A10000006E14802D0E.jpg;9.524cm;2.505cm;6.033cm;15.892cm
IMG-0385;149;100000000000019F0000006872CF66D0.jpg;9.428cm;2.361cm;6.058cm;19.139cm
IMG-0386;150;10000000000000250000002843082F1D.jpg;0.647cm;0.668cm;3.488cm;1.27cm
IMG-0387;150;100000000000016100000090A8D595EB.jpg;9.338cm;3.809cm;6.113cm;2.54cm
IMG-0388;151;10000000000000250000002843082F1D.jpg;0.647cm;0.668cm;3.488cm;1.27cm
IMG-0389;152;10000000000000250000002843082F1D.jpg;0.647cm;0.668cm;3.488cm;1.27cm
IMG-0390;153;10000000000000250000002843082F1D.jpg;0.647cm;0.668cm;3.488cm;1.27cm
IMG-0391;154;10000000000000250000002843082F1D.jpg;0.647cm;0.668cm;3.488cm;1.27cm
IMG-0392;155;10000000000000250000002843082F1D.jpg;0.647cm;0.668cm;3.488cm;1.27cm
IMG-0393;156;10000000000000250000002843082F1D.jpg;0.647cm;0.668cm;3.488cm;1.27cm
IMG-0394;156;1000000000000528000001D220A50EDF.jpg;15.239cm;5.38cm;3.171cm;2.701cm
IMG-0395;157;10000000000000250000002843082F1D.jpg;0.647cm;0.668cm;3.488cm;1.27cm
IMG-0396;157;10000000000005290000026B13EF9651.jpg;15.247cm;7.149cm;3.171cm;9.195cm
IMG-0397;158;10000000000000250000002843082F1D.jpg;0.647cm;0.668cm;3.488cm;1.27cm
IMG-0398;158;1000000000000485000002B06DC504D7.jpg;15.243cm;9.063cm;3.171cm;2.752cm
IMG-0399;158;10000000000003F900000220922C2276.jpg;11.738cm;6.277cm;4.911cm;13.991cm
IMG-0400;159;10000000000000250000002843082F1D.jpg;0.647cm;0.668cm;3.488cm;1.27cm
IMG-0401;159;10000000000004060000027B29AD3393.jpg;11.895cm;7.331cm;4.826cm;2.667cm
IMG-0402;159;10000000000004EF0000016BEBAD8D27.jpg;15.167cm;4.359cm;3.196cm;12.107cm
IMG-0403;159;100000000000028D000001977AAFE974.jpg;10.807cm;6.734cm;5.376cm;17.251cm
IMG-0404;160;10000000000000250000002843082F1D.jpg;0.647cm;0.668cm;3.488cm;1.27cm
IMG-0405;160;1000000000000542000002E0F7BF44FC.jpg;15.239cm;8.334cm;3.171cm;4.898cm
IMG-0406;160;1000000000000551000002D758EFAC37.jpg;15.231cm;8.135cm;3.171cm;13.555cm
IMG-0407;161;10000000000000250000002843082F1D.jpg;0.647cm;0.668cm;3.488cm;1.27cm
IMG-0408;161;1000000000000543000002DBDB0B9A4E.jpg;15.218cm;8.258cm;3.171cm;2.836cm
IMG-0409;161;1000000000000528000001F4329E1FB4.jpg;15.239cm;5.769cm;3.171cm;13.61cm
IMG-0410;162;10000000000000250000002843082F1D.jpg;0.647cm;0.668cm;3.488cm;1.27cm
IMG-0411;162;10000000000004C9000002871BCFD50F.jpg;15.231cm;8.042cm;3.175cm;2.625cm
IMG-0412;162;1000000000000543000002DBFACD819D.jpg;15.218cm;8.258cm;3.175cm;12.996cm
IMG-0413;163;10000000000000250000002843082F1D.jpg;0.647cm;0.668cm;3.488cm;1.27cm
IMG-0414;163;100000000000054C000002D59E06E967.jpg;15.247cm;8.152cm;3.171cm;2.582cm
IMG-0415;164;10000000000000250000002843082F1D.jpg;0.647cm;0.668cm;3.488cm;1.27cm
IMG-0416;165;10000000000000250000002843082F1D.jpg;0.647cm;0.668cm;3.488cm;1.27cm
IMG-0417;165;1000000000000527000002E6B089DCEF.jpg;15.222cm;8.563cm;3.171cm;2.688cm
IMG-0418;166;10000000000000250000002843082F1D.jpg;0.647cm;0.668cm;3.488cm;1.27cm
IMG-0419;167;10000000000000250000002843082F1D.jpg;0.647cm;0.668cm;3.488cm;1.27cm
IMG-0420;167;10000000000002670000015AC1B90A2B.jpg;7.103cm;4cm;7.239cm;7.654cm
IMG-0421;167;10000000000002ED0000009D92BCACA6.jpg;9.88cm;2.073cm;5.842cm;15.93cm
IMG-0422;168;10000000000000250000002843082F1D.jpg;0.647cm;0.668cm;3.488cm;1.27cm
IMG-0423;168;10000000000002960000018B00E6D925.jpg;7.64cm;4.558cm;6.964cm;2.794cm
IMG-0424;168;100000000000023100000165FDB3825B.jpg;6.531cm;4.156cm;4.318cm;9.652cm
IMG-0425;168;10000000000002290000015A055B77B3.jpg;6.383cm;3.991cm;10.88cm;9.821cm
IMG-0426;168;10000000000002B20000010855F02D9F.jpg;7.97cm;3.043cm;6.795cm;15.939cm
IMG-0427;168;10000000000002B9000000C2A69FE749.jpg;8.042cm;2.238cm;6.773cm;21.103cm
IMG-0428;169;10000000000000250000002843082F1D.jpg;0.647cm;0.668cm;3.488cm;1.27cm
IMG-0429;170;10000000000000250000002843082F1D.jpg;0.647cm;0.668cm;3.488cm;1.27cm
IMG-0430;170;1000000000000528000002E7BBF3B97E.jpg;15.239cm;8.572cm;3.175cm;6.57cm
IMG-0431;171;10000000000000250000002843082F1D.jpg;0.647cm;0.668cm;3.488cm;1.27cm
IMG-0432;171;1000000000000528000002E7785581A0.jpg;15.239cm;8.572cm;3.171cm;2.688cm
IMG-0433;171;1000000000000257000001CEE67BB3AB.jpg;7.64cm;5.896cm;6.964cm;15.735cm
IMG-0434;172;10000000000000250000002843082F1D.jpg;0.647cm;0.668cm;3.488cm;1.27cm
IMG-0435;172;10000000000001B60000017B11EA40ED.jpg;5.054cm;4.372cm;8.255cm;2.561cm
IMG-0436;172;100000000000032F0000004B8B49C83B.jpg;9.41cm;0.875cm;6.075cm;8.446cm
IMG-0437;172;10000000000002050000004DDC93BC44.jpg;7.776cm;1.146cm;7.273cm;10.837cm
IMG-0438;172;100000000000045E000001147A135EDB.jpg;12.902cm;3.187cm;4.339cm;15.536cm
IMG-0439;173;10000000000000250000002843082F1D.jpg;0.647cm;0.668cm;3.488cm;1.27cm
IMG-0440;173;1000000000000256000003715CDED815.jpg;7.577cm;11.154cm;;
IMG-0441;173;10000000000001D50000012B8A0DE5F5.jpg;5.409cm;3.449cm;8.086cm;12.234cm
IMG-0442;174;10000000000000250000002843082F1D.jpg;0.647cm;0.668cm;3.488cm;1.27cm
IMG-0443;174;100000000000010D0000018F778AB836.jpg;5.202cm;7.704cm;8.192cm;2.794cm
IMG-0444;174;10000000000002330000015BD333D036.jpg;6.489cm;4cm;7.535cm;15.452cm
IMG-0445;175;10000000000000250000002843082F1D.jpg;0.647cm;0.668cm;3.488cm;1.27cm
IMG-0446;175;100000000000034A0000015FA989C581.jpg;11.145cm;4.639cm;5.207cm;2.752cm
IMG-0447;175;10000000000002BE00000124D17A9430.jpg;10.87cm;4.52cm;5.355cm;8.53cm
IMG-0448;175;10000000000001B0000000156BC7CA95.jpg;9.812cm;0.49cm;5.884cm;14.669cm
IMG-0449;175;10000000000001A300000089AD20B812.jpg;9.566cm;3.123cm;6.011cm;15.896cm
IMG-0450;175;100000000000019F00000082A888C47D.jpg;9.422cm;2.95cm;6.075cm;19.791cm
IMG-0451;176;10000000000000250000002843082F1D.jpg;0.647cm;0.668cm;3.488cm;1.27cm
IMG-0452;176;100000000000016100000090A8D595EB.jpg;9.338cm;3.809cm;6.117cm;2.54cm
IMG-0453;176;100000000000019D00000254325F703A.jpg;5.02cm;7.251cm;8.276cm;14.952cm
IMG-0454;177;10000000000000250000002843082F1D.jpg;0.647cm;0.668cm;3.488cm;1.27cm
IMG-0455;178;10000000000000250000002843082F1D.jpg;0.647cm;0.668cm;3.488cm;1.27cm
IMG-0456;179;10000000000000250000002843082F1D.jpg;0.647cm;0.668cm;3.488cm;1.27cm
IMG-0457;180;10000000000000250000002843082F1D.jpg;0.647cm;0.668cm;3.488cm;1.27cm
IMG-0458;181;10000000000000250000002843082F1D.jpg;0.647cm;0.668cm;3.488cm;1.27cm
IMG-0459;182;10000000000000250000002843082F1D.jpg;0.647cm;0.668cm;3.488cm;1.27cm
IMG-0460;182;10000000000004B0000003B1E83FB9E1.jpg;15.239cm;12.001cm;3.171cm;3.196cm
IMG-0461;182;10000000000004BD0000010F4B2EFE1F.jpg;15.235cm;3.403cm;3.175cm;16.701cm
IMG-0462;183;10000000000000250000002843082F1D.jpg;0.647cm;0.668cm;3.488cm;1.27cm
IMG-0463;183;100000000000021B0000018739413310.jpg;6.603cm;4.791cm;7.493cm;2.667cm
IMG-0464;183;100000000000026B0000014FDA990F6F.jpg;7.361cm;3.983cm;7.112cm;9.102cm
IMG-0465;183;10000000000004B0000002E7A0829926.jpg;14.104cm;8.737cm;3.725cm;15.304cm
IMG-0466;184;10000000000000250000002843082F1D.jpg;0.647cm;0.668cm;3.488cm;1.27cm
IMG-0467;184;10000000000004B7000003B262CA8A7F.jpg;14.003cm;10.976cm;3.789cm;4.657cm
IMG-0468;185;10000000000000250000002843082F1D.jpg;0.647cm;0.668cm;3.488cm;1.27cm
IMG-0469;185;100000000000043B0000018861B51EF2.jpg;15.243cm;5.515cm;3.171cm;2.625cm
IMG-0470;185;1000000000000423000002FB52052ACA.jpg;15.239cm;10.98cm;3.171cm;8.467cm
IMG-0471;186;10000000000000250000002843082F1D.jpg;0.647cm;0.668cm;3.488cm;1.27cm
IMG-0472;186;10000000000001FD00000190048A3E4F.jpg;9.414cm;7.399cm;6.075cm;2.646cm
IMG-0473;186;100000000000040B000003344DCA74CF.jpg;11.95cm;9.465cm;4.805cm;12.086cm
IMG-0474;187;10000000000000250000002843082F1D.jpg;0.647cm;0.668cm;3.488cm;1.27cm
IMG-0475;187;10000000000004BD0000010F4B2EFE1F.jpg;15.235cm;3.403cm;3.175cm;2.731cm
IMG-0476;187;10000000000001A60000012A8004440F.jpg;5.502cm;3.885cm;8.043cm;7.895cm
IMG-0477;187;100000000000020C0000010435A1AE29.jpg;5.854cm;2.903cm;7.853cm;13.462cm
IMG-0478;188;10000000000000250000002843082F1D.jpg;0.647cm;0.668cm;3.488cm;1.27cm
IMG-0479;188;1000000000000506000003B6D51B1FFE.jpg;15.243cm;11.26cm;3.171cm;2.625cm
IMG-0480;189;10000000000000250000002843082F1D.jpg;0.647cm;0.668cm;3.488cm;1.27cm
IMG-0481;189;100000000000050A000003B7DA315C11.jpg;12.212cm;9.003cm;4.678cm;2.794cm
IMG-0482;190;10000000000000250000002843082F1D.jpg;0.647cm;0.668cm;3.488cm;1.27cm
IMG-0483;190;1000000000000528000002E732E2FAF7.jpg;15.239cm;8.572cm;3.171cm;5.262cm
IMG-0484;191;10000000000000250000002843082F1D.jpg;0.647cm;0.668cm;3.488cm;1.27cm
IMG-0485;191;1000000000000528000002E7A5F16059.jpg;15.239cm;8.572cm;3.175cm;2.688cm
IMG-0486;191;1000000000000528000002E72C41F570.jpg;15.239cm;8.572cm;3.171cm;12.213cm
IMG-0487;192;10000000000000250000002843082F1D.jpg;0.647cm;0.668cm;3.488cm;1.27cm
IMG-0488;193;10000000000000250000002843082F1D.jpg;0.647cm;0.668cm;3.488cm;1.27cm
IMG-0489;194;10000000000000250000002843082F1D.jpg;0.647cm;0.668cm;3.488cm;1.27cm
IMG-0490;195;10000000000000250000002843082F1D.jpg;0.647cm;0.668cm;3.488cm;1.27cm
IMG-0491;195;10000000000002E600000229BD324971.jpg;8.567cm;6.387cm;6.498cm;13.102cm
IMG-0492;196;10000000000000250000002843082F1D.jpg;0.647cm;0.668cm;3.488cm;1.27cm
IMG-0493;197;10000000000000250000002843082F1D.jpg;0.647cm;0.668cm;3.488cm;1.27cm
IMG-0494;198;10000000000000250000002843082F1D.jpg;0.647cm;0.668cm;3.488cm;1.27cm
IMG-0495;198;1000000000000226000002268CDC63B3.jpg;7.462cm;7.462cm;7.049cm;10.964cm
IMG-0496;199;10000000000000250000002843082F1D.jpg;0.647cm;0.668cm;3.488cm;1.27cm
IMG-0497;200;10000000000000250000002843082F1D.jpg;0.647cm;0.668cm;3.488cm;1.27cm
IMG-0498;201;10000000000000250000002843082F1D.jpg;0.647cm;0.668cm;3.488cm;1.27cm
IMG-0499;201;10000000000002B700000169DFA75A33.jpg;15.243cm;7.915cm;3.171cm;2.688cm
IMG-0500;201;100000000000026A00000168E15B7AFF.jpg;15.239cm;8.876cm;3.175cm;12.7cm
IMG-0501;202;10000000000000250000002843082F1D.jpg;0.647cm;0.668cm;3.488cm;1.27cm
IMG-0502;202;10000000000002C5000000EBA6E4BA15.jpg;15.231cm;5.049cm;3.175cm;2.54cm
IMG-0503;202;100000000000035300000102550F3D6F.jpg;15.243cm;4.622cm;3.171cm;10.372cm
IMG-0504;202;1000000000000324000000C6A35BC5D1.jpg;15.231cm;3.75cm;3.171cm;17.166cm
IMG-0505;203;10000000000000250000002843082F1D.jpg;0.647cm;0.668cm;3.488cm;1.27cm
IMG-0506;203;100000000000029C000000C242AA13AE.jpg;8.114cm;2.357cm;6.731cm;12.327cm
IMG-0507;203;10000000000002410000016EC8A55AC4.jpg;7.052cm;4.474cm;7.26cm;16.984cm
IMG-0508;204;10000000000000250000002843082F1D.jpg;0.647cm;0.668cm;3.488cm;1.27cm
IMG-0509;204;10000000000002290000015DFEA259CD.jpg;7.069cm;4.461cm;7.26cm;2.836cm
IMG-0510;204;100000000000026900000119D639367F.jpg;9.575cm;4.359cm;5.99cm;17.259cm
IMG-0511;205;10000000000000250000002843082F1D.jpg;0.647cm;0.668cm;3.488cm;1.27cm
IMG-0512;205;1000000000000276000000D5DF55B40B.jpg;9.376cm;3.17cm;6.096cm;2.54cm
IMG-0513;205;10000000000002B20000013B8206263B.jpg;9.448cm;4.313cm;6.054cm;6.414cm
IMG-0514;205;1000000000000270000000D01C3BCF27.jpg;9.516cm;3.174cm;6.033cm;11.43cm
IMG-0515;205;1000000000000341000000F0C0AB49C3.jpg;9.448cm;2.721cm;6.054cm;16.087cm
IMG-0516;205;1000000000000275000000B1582FF16B.jpg;9.52cm;2.679cm;6.033cm;21.188cm
IMG-0517;206;10000000000000250000002843082F1D.jpg;0.647cm;0.668cm;3.488cm;1.27cm
IMG-0518;206;10000000000002B500000145AA97BAA9.jpg;9.516cm;4.461cm;6.033cm;2.836cm
IMG-0519;206;10000000000002DA000000A245C68252.jpg;9.291cm;2.061cm;6.138cm;9.123cm
IMG-0520;207;10000000000000250000002843082F1D.jpg;0.647cm;0.668cm;3.488cm;1.27cm
IMG-0521;207;1000000000000329000000F982D37EA2.jpg;14.638cm;4.508cm;3.471cm;2.815cm
IMG-0522;207;100000000000022B00000095CEFC3675.jpg;8.13cm;2.192cm;6.689cm;18.936cm
IMG-0523;208;10000000000000250000002843082F1D.jpg;0.647cm;0.668cm;3.488cm;1.27cm
IMG-0524;208;100000000000022B00000095CEFC3675.jpg;8.13cm;2.192cm;6.689cm;2.709cm
IMG-0525;209;10000000000000250000002843082F1D.jpg;0.647cm;0.668cm;3.488cm;1.27cm
IMG-0526;209;10000000000004EA0000020FC80664DB.jpg;15.243cm;6.383cm;3.171cm;16.912cm
IMG-0527;210;10000000000000250000002843082F1D.jpg;0.647cm;0.668cm;3.488cm;1.27cm
IMG-0528;211;10000000000000250000002843082F1D.jpg;0.647cm;0.668cm;3.488cm;1.27cm
IMG-0529;211;10000000000002D100000169183225CC.jpg;15.243cm;7.632cm;3.171cm;4.83cm
IMG-0530;212;10000000000000250000002843082F1D.jpg;0.647cm;0.668cm;3.488cm;1.27cm
IMG-0531;213;10000000000000250000002843082F1D.jpg;0.647cm;0.668cm;3.488cm;1.27cm
IMG-0532;213;10000000000007650000039582F4273A.jpg;15.226cm;7.378cm;3.171cm;2.646cm
IMG-0533;214;10000000000000250000002843082F1D.jpg;0.647cm;0.668cm;3.488cm;1.27cm
IMG-0534;215;10000000000000250000002843082F1D.jpg;0.647cm;0.668cm;3.488cm;1.27cm
IMG-0535;215;1000000000000365000000C8EB8E64B0.jpg;15.243cm;3.508cm;3.171cm;14.012cm
IMG-0536;215;10000000000004220000008DFCFB98D8.jpg;15.226cm;2.031cm;3.171cm;19.198cm
IMG-0537;216;10000000000000250000002843082F1D.jpg;0.647cm;0.668cm;3.488cm;1.27cm
IMG-0538;217;10000000000000250000002843082F1D.jpg;0.647cm;0.668cm;3.488cm;1.27cm
IMG-0539;217;100000000000027600000158F4580AF7.jpg;8.474cm;4.626cm;6.541cm;5.999cm
IMG-0540;217;10000000000002BF0000017EB012BA1E.jpg;8.318cm;4.52cm;6.625cm;11.777cm
IMG-0541;217;100000000000014A000000B9E5D94A41.jpg;7.742cm;4.338cm;6.922cm;17.894cm
IMG-0542;218;10000000000000250000002843082F1D.jpg;0.647cm;0.668cm;3.488cm;1.27cm
IMG-0543;218;1000000000000366000000B0DF6C9ED9.jpg;15.239cm;3.081cm;3.171cm;10.871cm
IMG-0544;218;10000000000004220000008DFCFB98D8.jpg;15.226cm;2.031cm;3.171cm;16.798cm
IMG-0545;218;10000000000006450000016E5A163243.jpg;15.243cm;3.475cm;3.171cm;20.502cm
IMG-0546;219;10000000000000250000002843082F1D.jpg;0.647cm;0.668cm;3.488cm;1.27cm
IMG-0547;219;100000000000042E00000298FA9EF976.jpg;15.231cm;9.452cm;3.175cm;4.466cm
IMG-0548;220;10000000000000250000002843082F1D.jpg;0.647cm;0.668cm;3.488cm;1.27cm
IMG-0549;220;100000000000031C00000144CD7C756D.jpg;15.197cm;6.192cm;3.171cm;2.604cm
IMG-0550;221;10000000000000250000002843082F1D.jpg;0.647cm;0.668cm;3.488cm;1.27cm
IMG-0551;222;10000000000000250000002843082F1D.jpg;0.647cm;0.668cm;3.488cm;1.27cm
IMG-0552;222;1000000000000364000000B437C22EE8.jpg;15.247cm;3.161cm;3.171cm;10.829cm
IMG-0553;222;10000000000004220000008DFCFB98D8.jpg;15.226cm;2.031cm;3.171cm;15.528cm
IMG-0554;222;1000000000000603000000D66098BE41.jpg;15.231cm;2.116cm;3.171cm;19.274cm
IMG-0555;223;10000000000000250000002843082F1D.jpg;0.647cm;0.668cm;3.488cm;1.27cm
IMG-0556;223;10000000000004230000008B88B213EC.jpg;15.239cm;2.001cm;3.171cm;2.794cm
IMG-0557;223;10000000000003EC00000088D60219B7.jpg;15.247cm;2.065cm;3.171cm;9.123cm
IMG-0558;223;10000000000003820000007B42B70262.jpg;15.188cm;2.082cm;3.171cm;14.182cm
IMG-0559;223;10000000000003A40000007980C890F3.jpg;15.239cm;1.98cm;3.171cm;16.785cm
IMG-0560;224;10000000000000250000002843082F1D.jpg;0.647cm;0.668cm;3.488cm;1.27cm
IMG-0561;224;100000000000040A000001DB97DAB983.jpg;15.239cm;7.001cm;3.171cm;2.836cm
IMG-0562;225;10000000000000250000002843082F1D.jpg;0.647cm;0.668cm;3.488cm;1.27cm
IMG-0563;225;1000000000000364000000C24B6D5CD5.jpg;15.247cm;3.407cm;3.171cm;18.5cm
IMG-0564;226;10000000000000250000002843082F1D.jpg;0.647cm;0.668cm;3.488cm;1.27cm
IMG-0565;226;10000000000004220000008DFCFB98D8.jpg;15.226cm;2.031cm;3.171cm;2.794cm
IMG-0566;226;1000000000000603000000D66098BE41.jpg;15.231cm;2.116cm;3.171cm;6.541cm
IMG-0567;226;10000000000004230000008B88B213EC.jpg;15.239cm;2.001cm;3.171cm;12.954cm
IMG-0568;226;10000000000003EC00000088D60219B7.jpg;15.247cm;2.065cm;3.171cm;19.283cm
IMG-0569;227;10000000000000250000002843082F1D.jpg;0.647cm;0.668cm;3.488cm;1.27cm
IMG-0570;227;10000000000003850000009BDC76180B.jpg;15.231cm;2.619cm;3.171cm;2.815cm
IMG-0571;227;10000000000003A40000007980C890F3.jpg;15.239cm;1.98cm;3.171cm;5.99cm
IMG-0572;227;100000000000040A000001DB97DAB983.jpg;15.239cm;7.001cm;3.171cm;9.821cm
IMG-0573;228;10000000000000250000002843082F1D.jpg;0.647cm;0.668cm;3.488cm;1.27cm
IMG-0574;229;10000000000000250000002843082F1D.jpg;0.647cm;0.668cm;3.488cm;1.27cm
IMG-0575;230;10000000000000250000002843082F1D.jpg;0.647cm;0.668cm;3.488cm;1.27cm
IMG-0576;230;100000000000026B000001BC452DB32B.jpg;7.149cm;5.126cm;7.218cm;19.782cm
IMG-0577;231;10000000000000250000002843082F1D.jpg;0.647cm;0.668cm;3.488cm;1.27cm
IMG-0578;231;10000000000005D90000028D6EDC9E72.jpg;15.209cm;6.633cm;3.175cm;6.062cm
IMG-0579;231;1000000000000526000002D3D3D8E7B8.jpg;15.218cm;8.343cm;3.175cm;14.402cm
IMG-0580;232;10000000000000250000002843082F1D.jpg;0.647cm;0.668cm;3.488cm;1.27cm
IMG-0581;232;1000000000000526000002B3603B080D.jpg;15.214cm;7.979cm;3.175cm;2.667cm
IMG-0582;232;10000000000005280000024591C5355E.jpg;15.235cm;6.705cm;3.171cm;12.192cm
IMG-0583;233;10000000000000250000002843082F1D.jpg;0.647cm;0.668cm;3.488cm;1.27cm
IMG-0584;233;1000000000000528000002814C43B57F.jpg;15.239cm;7.399cm;3.171cm;2.646cm
IMG-0585;233;1000000000000529000001C5B9F09563.jpg;15.247cm;5.227cm;3.171cm;12.298cm
IMG-0586;233;10000000000001100000010B3078AE39.jpg;3.733cm;3.657cm;8.911cm;19.114cm
IMG-0587;234;10000000000000250000002843082F1D.jpg;0.647cm;0.668cm;3.488cm;1.27cm
IMG-0588;234;100000000000026B000001BC17D5EE22.jpg;5.257cm;3.767cm;8.149cm;2.54cm
IMG-0589;235;10000000000000250000002843082F1D.jpg;0.647cm;0.668cm;3.488cm;1.27cm
IMG-0590;235;1000000000000165000000EF4784561B.jpg;4.118cm;2.755cm;8.721cm;20.934cm
IMG-0591;236;10000000000000250000002843082F1D.jpg;0.647cm;0.668cm;3.488cm;1.27cm
IMG-0592;236;100000000000014F0000012EB6C364C1.jpg;3.915cm;3.53cm;8.827cm;2.667cm
IMG-0593;236;1000000000000457000002819E6C9287.jpg;15.226cm;8.783cm;3.171cm;8.297cm
IMG-0594;237;10000000000000250000002843082F1D.jpg;0.647cm;0.668cm;3.488cm;1.27cm
IMG-0595;237;10000000000005D90000028D6EDC9E72.jpg;15.209cm;6.633cm;3.175cm;2.709cm
IMG-0596;237;10000000000005DA000001F43E69A348.jpg;15.218cm;5.075cm;3.175cm;10.795cm
IMG-0597;237;100000000000052600000168AB96F0F4.jpg;15.224cm;4.156cm;3.171cm;17.272cm
IMG-0598;238;10000000000000250000002843082F1D.jpg;0.647cm;0.668cm;3.488cm;1.27cm
IMG-0599;238;10000000000005270000010410C78A77.jpg;15.231cm;3.005cm;3.175cm;2.625cm
IMG-0600;238;1000000000000528000001C961CBD815.jpg;15.239cm;5.27cm;3.171cm;7.197cm
IMG-0601;238;10000000000005240000017C99A88EE4.jpg;15.201cm;4.389cm;3.175cm;14.626cm
IMG-0602;239;10000000000000250000002843082F1D.jpg;0.647cm;0.668cm;3.488cm;1.27cm
IMG-0603;239;10000000000005280000019B26DB2EFE.jpg;15.239cm;4.753cm;3.171cm;2.688cm
IMG-0604;239;100000000000052900000193A28C91E9.jpg;15.247cm;4.656cm;3.171cm;9.081cm
IMG-0605;240;10000000000000250000002843082F1D.jpg;0.647cm;0.668cm;3.488cm;1.27cm
IMG-0606;240;10000000000005D90000028D6EDC9E72.jpg;15.209cm;6.633cm;3.175cm;2.709cm
IMG-0607;240;100000000000052500000149CA997987.jpg;15.201cm;3.788cm;3.175cm;10.795cm
IMG-0608;240;10000000000005260000023DE5D77754.jpg;15.218cm;6.616cm;3.175cm;16.044cm
IMG-0609;241;10000000000000250000002843082F1D.jpg;0.647cm;0.668cm;3.488cm;1.27cm
IMG-0610;241;10000000000005DE000001AD25A0DD31.jpg;15.218cm;4.347cm;3.171cm;2.582cm
IMG-0611;241;1000000000000526000002333BBACFA2.jpg;15.218cm;6.506cm;3.171cm;10.393cm
IMG-0612;241;100000000000019D0000013101E53959.jpg;6.167cm;4.554cm;7.705cm;20.574cm
IMG-0613;242;10000000000000250000002843082F1D.jpg;0.647cm;0.668cm;3.488cm;1.27cm
IMG-0614;242;100000000000019C000000C8F7BC8F55.jpg;6.201cm;3.013cm;7.684cm;6.414cm
IMG-0615;242;10000000000005D90000028D6EDC9E72.jpg;15.209cm;6.633cm;3.175cm;14.423cm
IMG-0616;243;10000000000000250000002843082F1D.jpg;0.647cm;0.668cm;3.488cm;1.27cm
IMG-0617;243;10000000000005DB000001A052D48B93.jpg;15.226cm;4.224cm;3.171cm;2.646cm
IMG-0618;243;100000000000052700000126F84C2D15.jpg;15.231cm;3.394cm;3.171cm;8.446cm
IMG-0619;243;10000000000005DB000001427CF17CF9.jpg;15.231cm;3.271cm;3.171cm;13.589cm
IMG-0620;244;10000000000000250000002843082F1D.jpg;0.647cm;0.668cm;3.488cm;1.27cm
IMG-0621;244;10000000000005280000023358965EF4.jpg;15.239cm;6.501cm;3.171cm;2.773cm
IMG-0622;244;10000000000005D90000028D6EDC9E72.jpg;15.209cm;6.633cm;3.175cm;12.518cm
IMG-0623;244;10000000000002D500000148AECF76C9.jpg;9.461cm;4.279cm;6.054cm;20.667cm
IMG-0624;245;10000000000000250000002843082F1D.jpg;0.647cm;0.668cm;3.488cm;1.27cm
IMG-0625;245;100000000000030C0000016C5042D977.jpg;9.41cm;4.389cm;6.075cm;3.831cm
IMG-0626;245;1000000000000322000002A7141A360D.jpg;9.262cm;7.839cm;6.16cm;9.716cm
IMG-0627;245;10000000000003350000014E5602C2E1.jpg;9.482cm;3.851cm;6.054cm;19.981cm
IMG-0628;246;10000000000000250000002843082F1D.jpg;0.647cm;0.668cm;3.488cm;1.27cm
IMG-0629;246;100000000000028B000001A513C7C898.jpg;7.514cm;4.859cm;7.027cm;5.821cm
IMG-0630;246;100000000000052500000176E17346BF.jpg;15.209cm;4.317cm;3.175cm;13.399cm
IMG-0631;247;10000000000000250000002843082F1D.jpg;0.647cm;0.668cm;3.488cm;1.27cm
IMG-0632;247;1000000000000527000001F2A5CA088C.jpg;15.231cm;5.752cm;3.175cm;2.836cm
IMG-0633;247;100000000000052600000222DA587AC0.jpg;15.218cm;6.302cm;3.175cm;10.816cm
IMG-0634;248;10000000000000250000002843082F1D.jpg;0.647cm;0.668cm;3.488cm;1.27cm
IMG-0635;248;10000000000002330000015BD333D036.jpg;6.489cm;4cm;7.535cm;2.752cm
IMG-0636;248;100000000000019D000002415F9C4E5E.jpg;5.515cm;7.708cm;8.022cm;10.414cm
IMG-0637;249;10000000000000250000002843082F1D.jpg;0.647cm;0.668cm;3.488cm;1.27cm
IMG-0638;249;1000000000000483000001F9C9D35361.jpg;15.247cm;6.667cm;3.171cm;7.133cm
IMG-0639;249;100000000000054E00000157860A4992.jpg;15.235cm;3.847cm;3.171cm;14.266cm
IMG-0640;250;10000000000000250000002843082F1D.jpg;0.647cm;0.668cm;3.488cm;1.27cm
IMG-0641;250;100000000000051D000002D31F272EA7.jpg;15.239cm;8.415cm;3.175cm;2.773cm
IMG-0642;251;10000000000000250000002843082F1D.jpg;0.647cm;0.668cm;3.488cm;1.27cm
IMG-0643;251;1000000000000483000001F9C9D35361.jpg;15.247cm;6.667cm;3.171cm;2.688cm
IMG-0644;251;100000000000054B00000125403496F0.jpg;15.235cm;3.293cm;3.175cm;9.779cm
IMG-0645;252;10000000000000250000002843082F1D.jpg;0.647cm;0.668cm;3.488cm;1.27cm
IMG-0646;252;1000000000000534000002D50DE2005E.jpg;15.222cm;8.288cm;3.175cm;2.836cm
IMG-0647;252;100000000000052800000123A076EEAC.jpg;15.243cm;3.356cm;3.171cm;13.547cm
IMG-0648;252;10000000000005260000012A18BFFCB8.jpg;15.214cm;3.445cm;3.175cm;19.854cm
IMG-0649;253;10000000000000250000002843082F1D.jpg;0.647cm;0.668cm;3.488cm;1.27cm
IMG-0650;253;10000000000004CA000002ADDF7E16F2.jpg;15.243cm;8.516cm;3.171cm;5.707cm
IMG-0651;253;10000000000003B3000000B23DE8E264.jpg;10.929cm;2.061cm;5.313cm;15.93cm
IMG-0652;254;10000000000000250000002843082F1D.jpg;0.647cm;0.668cm;3.488cm;1.27cm
IMG-0653;254;100000000000054B000002D9CB7FB80D.jpg;15.235cm;8.195cm;3.175cm;2.561cm
IMG-0654;254;10000000000004CC00000295870CE953.jpg;15.239cm;8.203cm;3.175cm;13.356cm
IMG-0655;255;10000000000000250000002843082F1D.jpg;0.647cm;0.668cm;3.488cm;1.27cm
IMG-0656;255;10000000000004C900000293D1450B6A.jpg;15.231cm;8.195cm;3.175cm;3.196cm
IMG-0657;255;10000000000004CC00000296AE0F4E4B.jpg;15.239cm;8.212cm;3.175cm;13.335cm
IMG-0658;256;10000000000000250000002843082F1D.jpg;0.647cm;0.668cm;3.488cm;1.27cm
IMG-0659;256;10000000000004CC00000293716B189F.jpg;15.239cm;8.178cm;3.175cm;2.561cm
IMG-0660;256;10000000000004CC00000291198E3931.jpg;15.239cm;8.152cm;3.175cm;12.742cm
IMG-0661;257;10000000000000250000002843082F1D.jpg;0.647cm;0.668cm;3.488cm;1.27cm
IMG-0662;257;10000000000004CA000002ADDF7E16F2.jpg;15.243cm;8.516cm;3.171cm;2.709cm
IMG-0663;257;1000000000000487000000D9A5E287AD.jpg;13.376cm;2.501cm;4.085cm;12.7cm
IMG-0664;257;10000000000004910000012C08B035EC.jpg;13.496cm;3.462cm;4.022cm;16.679cm
IMG-0665;257;10000000000004CD000001573BA9443D.jpg;13.067cm;3.648cm;4.255cm;21.654cm
IMG-0666;258;10000000000000250000002843082F1D.jpg;0.647cm;0.668cm;3.488cm;1.27cm
IMG-0667;258;10000000000004C80000014594CDB263.jpg;12.86cm;3.415cm;4.36cm;5.271cm
IMG-0668;258;10000000000004D00000014279D5F5B3.jpg;13.791cm;3.606cm;3.895cm;15.397cm
IMG-0669;258;10000000000004CF0000013DAB6781D6.jpg;13.495cm;3.475cm;4.043cm;20.54cm
IMG-0670;259;10000000000000250000002843082F1D.jpg;0.647cm;0.668cm;3.488cm;1.27cm
IMG-0671;259;10000000000004CA000002ADDF7E16F2.jpg;15.243cm;8.516cm;3.171cm;3.344cm
IMG-0672;259;10000000000004A5000000DEFFF7C7F1.jpg;13.728cm;2.56cm;3.916cm;18.889cm
IMG-0673;260;10000000000000250000002843082F1D.jpg;0.647cm;0.668cm;3.488cm;1.27cm
IMG-0674;260;10000000000002A7000001372BB93CF2.jpg;7.839cm;3.593cm;6.858cm;2.646cm
IMG-0675;260;100000000000023D0000014860C55B40.jpg;7.805cm;4.465cm;6.879cm;7.916cm
IMG-0676;260;100000000000026400000161A97AEFBB.jpg;7.797cm;4.495cm;6.879cm;14.88cm
IMG-0677;261;10000000000000250000002843082F1D.jpg;0.647cm;0.668cm;3.488cm;1.27cm
IMG-0678;261;10000000000002A6000001BCD3799800.jpg;7.831cm;5.126cm;6.858cm;2.815cm
IMG-0679;261;10000000000002890000011F1A9AADED.jpg;7.97cm;3.53cm;6.795cm;10.287cm
IMG-0680;261;1000000000000261000000CD61569DEE.jpg;8.897cm;2.996cm;6.329cm;15.96cm
IMG-0681;262;10000000000000250000002843082F1D.jpg;0.647cm;0.668cm;3.488cm;1.27cm
IMG-0682;262;10000000000004CA000002ADDF7E16F2.jpg;15.243cm;8.516cm;3.171cm;2.709cm
IMG-0683;262;10000000000005120000011C0A87DBC9.jpg;13.41cm;2.933cm;4.085cm;12.806cm
IMG-0684;262;100000000000014000000103EE4B4682.jpg;6.717cm;5.435cm;7.43cm;17.272cm
IMG-0685;263;10000000000000250000002843082F1D.jpg;0.647cm;0.668cm;3.488cm;1.27cm
IMG-0686;263;1000000000000142000000F631606636.jpg;6.607cm;5.049cm;7.472cm;2.54cm
IMG-0687;263;10000000000000B40000009971BB60AC.jpg;3.204cm;2.725cm;9.186cm;9.737cm
IMG-0688;264;10000000000000250000002843082F1D.jpg;0.647cm;0.668cm;3.488cm;1.27cm
IMG-0689;264;10000000000001D3000000B104DE9B20.jpg;12.348cm;4.668cm;4.551cm;2.731cm
IMG-0690;264;1000000000000126000000E5A0A7A166.jpg;5.625cm;4.381cm;7.98cm;9.546cm
IMG-0691;264;10000000000001CE0000011474765B7A.jpg;7.302cm;4.364cm;7.133cm;15.261cm
IMG-0692;265;10000000000000250000002843082F1D.jpg;0.647cm;0.668cm;3.488cm;1.27cm
IMG-0693;265;100000000000021E000000D67A0943B1.jpg;9.664cm;3.826cm;5.948cm;2.836cm
IMG-0694;265;100000000000021A000000A47F89B204.jpg;8.347cm;2.543cm;6.604cm;7.916cm
IMG-0695;265;100000000000021A000000A87EC925E9.jpg;8.529cm;2.666cm;6.519cm;11.663cm
IMG-0696;265;1000000000000222000000AEE5E501D1.jpg;8.627cm;2.755cm;6.477cm;16.701cm
IMG-0697;266;10000000000000250000002843082F1D.jpg;0.647cm;0.668cm;3.488cm;1.27cm
IMG-0698;266;100000000000051A0000017BF869EA82.jpg;15.239cm;4.423cm;3.171cm;2.54cm
IMG-0699;266;10000000000004CA000002ADDF7E16F2.jpg;15.243cm;8.516cm;3.171cm;8.424cm
IMG-0700;266;10000000000004C70000012EA8625DA5.jpg;15.239cm;3.762cm;3.171cm;19.071cm
IMG-0701;267;10000000000000250000002843082F1D.jpg;0.647cm;0.668cm;3.488cm;1.27cm
IMG-0702;267;100000000000027B000001542684FA9E.jpg;8.127cm;4.351cm;6.71cm;4.487cm
IMG-0703;267;10000000000003AD0000013D767D00E1.jpg;10.714cm;3.61cm;5.419cm;12.15cm
IMG-0704;267;10000000000004B9000001548A40B0F4.jpg;15.226cm;4.283cm;3.175cm;17.844cm
IMG-0705;268;10000000000000250000002843082F1D.jpg;0.647cm;0.668cm;3.488cm;1.27cm
IMG-0706;268;1000000000000320000001E0B1689774.jpg;12.187cm;7.314cm;4.699cm;2.688cm
IMG-0707;269;10000000000000250000002843082F1D.jpg;0.647cm;0.668cm;3.488cm;1.27cm
IMG-0708;270;10000000000000250000002843082F1D.jpg;0.647cm;0.668cm;3.488cm;1.27cm
IMG-0709;271;10000000000000250000002843082F1D.jpg;0.647cm;0.668cm;3.488cm;1.27cm
IMG-0710;272;10000000000000250000002843082F1D.jpg;0.647cm;0.668cm;3.488cm;1.27cm
IMG-0711;273;10000000000000250000002843082F1D.jpg;0.647cm;0.668cm;3.488cm;1.27cm
